product_id,month,forecast_quantity
132,2023-03-31,192
7,2023-08-31,90
76,2023-11-30,152
222,2023-08-31,147
7,2023-08-31,191
240,2023-03-31,188
47,2023-08-31,116
278,2023-06-30,104
155,2023-08-31,144
252,2023-09-30,169
227,2023-01-31,164
38,2023-01-31,108
88,2023-12-31,124
270,2023-04-30,197
168,2023-01-31,178
205,2023-09-30,160
101,2023-09-30,70
116,2023-11-30,52
50,2023-07-31,124
32,2023-02-28,39
209,2023-04-30,195
194,2023-12-31,143
87,2023-04-30,91
261,2023-10-31,93
122,2023-05-31,140
296,2023-12-31,161
166,2023-05-31,81
254,2023-08-31,198
190,2023-03-31,146
258,2023-07-31,117
296,2023-01-31,146
71,2023-01-31,100
232,2023-03-31,168
73,2023-01-31,111
238,2023-11-30,57
251,2023-01-31,162
24,2023-03-31,55
164,2023-11-30,28
210,2023-09-30,78
107,2023-05-31,101
231,2023-12-31,73
89,2023-04-30,164
43,2023-07-31,101
89,2023-02-28,23
297,2023-06-30,103
89,2023-10-31,32
263,2023-01-31,134
296,2023-04-30,62
248,2023-06-30,27
83,2023-10-31,167
150,2023-04-30,142
23,2023-07-31,80
84,2023-03-31,63
135,2023-03-31,198
299,2023-10-31,147
281,2023-08-31,136
31,2023-02-28,177
229,2023-01-31,118
256,2023-05-31,103
173,2023-07-31,120
186,2023-04-30,29
64,2023-08-31,165
276,2023-01-31,143
80,2023-05-31,44
190,2023-02-28,122
291,2023-11-30,181
104,2023-03-31,63
290,2023-06-30,186
125,2023-11-30,109
129,2023-02-28,127
9,2023-08-31,190
105,2023-04-30,167
94,2023-10-31,91
21,2023-07-31,21
210,2023-05-31,133
22,2023-07-31,174
204,2023-07-31,53
37,2023-10-31,74
255,2023-02-28,183
235,2023-11-30,126
130,2023-06-30,91
229,2023-12-31,88
104,2023-08-31,123
144,2023-08-31,84
279,2023-09-30,145
99,2023-05-31,104
6,2023-10-31,191
189,2023-03-31,62
292,2023-11-30,93
150,2023-05-31,40
122,2023-06-30,160
77,2023-09-30,127
173,2023-09-30,133
210,2023-04-30,47
172,2023-10-31,177
105,2023-05-31,101
216,2023-08-31,125
129,2023-09-30,149
229,2023-01-31,77
284,2023-03-31,40
4,2023-12-31,109
203,2023-04-30,193
87,2023-09-30,102
240,2023-12-31,44
111,2023-01-31,76
42,2023-11-30,167
256,2023-10-31,25
196,2023-08-31,37
243,2023-02-28,196
40,2023-12-31,167
254,2023-01-31,122
74,2023-10-31,181
130,2023-11-30,157
215,2023-07-31,52
290,2023-04-30,134
120,2023-12-31,166
268,2023-02-28,66
243,2023-04-30,196
237,2023-10-31,49
272,2023-02-28,78
136,2023-11-30,50
170,2023-04-30,40
6,2023-11-30,36
139,2023-12-31,198
158,2023-02-28,171
87,2023-12-31,187
18,2023-07-31,117
9,2023-03-31,194
73,2023-07-31,39
114,2023-02-28,35
134,2023-04-30,77
80,2023-11-30,68
130,2023-07-31,189
265,2023-12-31,159
261,2023-06-30,188
92,2023-03-31,79
145,2023-08-31,43
47,2023-11-30,32
295,2023-09-30,53
128,2023-04-30,174
262,2023-09-30,104
196,2023-03-31,86
254,2023-02-28,33
166,2023-08-31,126
184,2023-10-31,120
246,2023-06-30,60
182,2023-08-31,127
101,2023-03-31,177
160,2023-08-31,64
159,2023-11-30,93
197,2023-10-31,20
145,2023-10-31,122
4,2023-02-28,111
107,2023-11-30,113
216,2023-07-31,103
6,2023-02-28,199
158,2023-12-31,39
91,2023-11-30,42
265,2023-02-28,114
276,2023-05-31,115
13,2023-11-30,135
92,2023-09-30,109
223,2023-02-28,25
96,2023-09-30,180
227,2023-08-31,27
275,2023-10-31,82
252,2023-04-30,143
71,2023-05-31,151
296,2023-06-30,160
94,2023-09-30,54
58,2023-10-31,112
31,2023-06-30,181
104,2023-06-30,75
98,2023-11-30,158
52,2023-06-30,57
55,2023-10-31,192
27,2023-01-31,105
116,2023-01-31,137
173,2023-09-30,181
42,2023-10-31,129
244,2023-02-28,94
262,2023-05-31,111
27,2023-09-30,138
160,2023-06-30,171
166,2023-09-30,93
181,2023-02-28,82
96,2023-10-31,128
283,2023-11-30,186
236,2023-01-31,168
296,2023-02-28,183
94,2023-02-28,67
163,2023-05-31,103
118,2023-01-31,160
234,2023-11-30,21
155,2023-02-28,130
278,2023-05-31,174
111,2023-05-31,26
280,2023-07-31,124
245,2023-04-30,38
151,2023-06-30,187
181,2023-06-30,40
291,2023-09-30,77
7,2023-03-31,173
208,2023-09-30,55
128,2023-11-30,63
23,2023-09-30,83
7,2023-02-28,46
150,2023-02-28,155
93,2023-07-31,109
262,2023-08-31,148
31,2023-03-31,146
105,2023-07-31,42
128,2023-07-31,92
42,2023-07-31,50
102,2023-02-28,154
225,2023-08-31,28
13,2023-11-30,144
101,2023-10-31,135
80,2023-08-31,163
47,2023-05-31,171
238,2023-07-31,93
260,2023-07-31,193
103,2023-10-31,176
54,2023-04-30,49
229,2023-05-31,198
129,2023-12-31,178
179,2023-06-30,49
114,2023-06-30,53
63,2023-10-31,38
286,2023-09-30,175
91,2023-03-31,25
162,2023-05-31,164
29,2023-01-31,120
68,2023-01-31,110
199,2023-10-31,126
289,2023-05-31,183
102,2023-01-31,20
193,2023-11-30,163
119,2023-12-31,66
104,2023-07-31,42
50,2023-10-31,104
185,2023-08-31,107
207,2023-10-31,162
79,2023-02-28,86
184,2023-03-31,62
140,2023-10-31,155
219,2023-08-31,134
113,2023-11-30,117
56,2023-01-31,191
242,2023-09-30,45
232,2023-05-31,179
137,2023-10-31,83
111,2023-01-31,62
165,2023-11-30,131
119,2023-10-31,81
1,2023-08-31,158
65,2023-09-30,137
155,2023-09-30,156
280,2023-11-30,67
177,2023-11-30,153
34,2023-09-30,73
103,2023-06-30,81
124,2023-11-30,146
50,2023-07-31,140
174,2023-12-31,117
266,2023-07-31,75
216,2023-04-30,101
91,2023-03-31,106
263,2023-09-30,177
227,2023-03-31,150
235,2023-03-31,147
183,2023-04-30,80
125,2023-10-31,162
187,2023-10-31,22
295,2023-10-31,162
33,2023-03-31,176
33,2023-02-28,50
38,2023-05-31,90
224,2023-11-30,74
21,2023-01-31,111
69,2023-01-31,143
267,2023-11-30,190
188,2023-06-30,129
174,2023-12-31,123
219,2023-04-30,44
56,2023-08-31,139
297,2023-01-31,69
299,2023-10-31,57
52,2023-05-31,79
268,2023-11-30,104
135,2023-06-30,199
99,2023-05-31,103
44,2023-11-30,95
134,2023-10-31,192
147,2023-06-30,119
228,2023-03-31,131
232,2023-09-30,38
59,2023-07-31,152
92,2023-10-31,189
116,2023-01-31,141
87,2023-05-31,112
60,2023-10-31,120
163,2023-01-31,49
145,2023-03-31,84
167,2023-06-30,95
132,2023-02-28,24
176,2023-05-31,57
48,2023-07-31,158
62,2023-12-31,103
127,2023-09-30,48
23,2023-01-31,33
188,2023-07-31,93
156,2023-08-31,110
105,2023-03-31,127
298,2023-02-28,29
228,2023-08-31,58
166,2023-07-31,79
58,2023-12-31,115
21,2023-01-31,170
50,2023-02-28,116
243,2023-04-30,169
269,2023-03-31,136
56,2023-02-28,106
220,2023-05-31,170
17,2023-06-30,41
88,2023-06-30,38
37,2023-07-31,41
142,2023-12-31,146
113,2023-06-30,148
198,2023-06-30,181
184,2023-08-31,143
172,2023-12-31,45
214,2023-05-31,23
231,2023-12-31,195
114,2023-05-31,64
84,2023-11-30,31
165,2023-11-30,111
39,2023-07-31,56
250,2023-10-31,150
107,2023-11-30,175
85,2023-11-30,149
122,2023-07-31,65
257,2023-03-31,130
166,2023-01-31,191
194,2023-05-31,165
42,2023-10-31,56
57,2023-11-30,73
236,2023-04-30,44
8,2023-01-31,146
215,2023-05-31,124
59,2023-06-30,102
240,2023-07-31,172
244,2023-10-31,199
36,2023-11-30,162
284,2023-12-31,65
81,2023-09-30,75
72,2023-12-31,133
1,2023-04-30,45
259,2023-01-31,129
269,2023-04-30,167
279,2023-11-30,172
215,2023-07-31,40
290,2023-01-31,181
154,2023-09-30,121
261,2023-06-30,124
81,2023-10-31,44
153,2023-08-31,176
28,2023-06-30,51
264,2023-07-31,130
235,2023-03-31,148
275,2023-08-31,182
141,2023-05-31,35
167,2023-07-31,51
262,2023-07-31,152
269,2023-06-30,29
52,2023-03-31,126
247,2023-11-30,91
36,2023-01-31,98
107,2023-06-30,39
43,2023-09-30,108
141,2023-02-28,159
92,2023-02-28,109
191,2023-10-31,173
183,2023-01-31,93
206,2023-01-31,80
142,2023-02-28,162
199,2023-01-31,24
101,2023-12-31,179
41,2023-12-31,115
191,2023-12-31,169
169,2023-11-30,41
9,2023-06-30,31
230,2023-05-31,83
148,2023-08-31,94
102,2023-10-31,107
25,2023-07-31,128
235,2023-12-31,35
286,2023-04-30,70
72,2023-09-30,51
25,2023-11-30,134
256,2023-11-30,145
94,2023-04-30,150
158,2023-09-30,134
31,2023-04-30,160
96,2023-02-28,111
292,2023-02-28,77
169,2023-06-30,64
61,2023-06-30,43
19,2023-07-31,198
261,2023-12-31,32
148,2023-07-31,171
235,2023-12-31,24
285,2023-03-31,100
3,2023-10-31,197
25,2023-07-31,138
233,2023-09-30,196
55,2023-09-30,165
242,2023-11-30,52
125,2023-07-31,178
297,2023-04-30,181
130,2023-08-31,113
6,2023-02-28,115
228,2023-08-31,50
187,2023-12-31,118
193,2023-12-31,98
287,2023-11-30,46
101,2023-03-31,46
46,2023-05-31,138
60,2023-03-31,148
46,2023-06-30,95
275,2023-06-30,170
257,2023-08-31,117
223,2023-01-31,71
18,2023-05-31,106
227,2023-05-31,198
224,2023-09-30,142
65,2023-10-31,96
268,2023-04-30,47
173,2023-06-30,43
152,2023-12-31,41
260,2023-11-30,187
79,2023-11-30,155
224,2023-10-31,115
280,2023-07-31,31
23,2023-03-31,196
218,2023-12-31,123
277,2023-06-30,168
198,2023-03-31,147
150,2023-12-31,86
122,2023-06-30,186
109,2023-01-31,128
231,2023-09-30,81
229,2023-06-30,101
203,2023-06-30,77
293,2023-04-30,183
286,2023-05-31,192
287,2023-04-30,147
289,2023-06-30,98
76,2023-07-31,34
250,2023-01-31,81
78,2023-03-31,185
255,2023-02-28,83
64,2023-11-30,127
109,2023-12-31,144
114,2023-05-31,135
232,2023-08-31,107
26,2023-05-31,156
177,2023-09-30,172
43,2023-01-31,97
49,2023-11-30,167
180,2023-06-30,47
160,2023-03-31,68
106,2023-02-28,53
113,2023-04-30,39
250,2023-03-31,126
18,2023-11-30,121
123,2023-09-30,41
285,2023-12-31,191
160,2023-09-30,66
182,2023-08-31,44
84,2023-07-31,169
287,2023-10-31,121
171,2023-03-31,80
169,2023-11-30,199
299,2023-03-31,138
136,2023-07-31,167
125,2023-04-30,39
9,2023-08-31,124
78,2023-01-31,125
33,2023-01-31,121
79,2023-07-31,192
222,2023-09-30,56
232,2023-02-28,162
83,2023-05-31,95
139,2023-02-28,156
128,2023-12-31,120
88,2023-09-30,191
271,2023-09-30,162
29,2023-01-31,63
231,2023-11-30,139
155,2023-07-31,137
276,2023-11-30,105
14,2023-01-31,159
37,2023-07-31,174
216,2023-08-31,166
49,2023-01-31,172
235,2023-03-31,127
250,2023-10-31,159
15,2023-05-31,69
5,2023-10-31,91
97,2023-07-31,158
231,2023-05-31,122
290,2023-03-31,102
136,2023-08-31,42
238,2023-06-30,107
54,2023-01-31,162
87,2023-07-31,82
228,2023-09-30,167
60,2023-01-31,108
293,2023-07-31,29
274,2023-02-28,131
10,2023-01-31,194
251,2023-01-31,137
68,2023-03-31,68
199,2023-01-31,68
86,2023-10-31,95
37,2023-02-28,52
200,2023-07-31,106
43,2023-08-31,97
210,2023-03-31,42
281,2023-07-31,56
242,2023-12-31,41
146,2023-07-31,149
252,2023-10-31,167
203,2023-04-30,24
167,2023-11-30,22
254,2023-01-31,101
237,2023-04-30,31
183,2023-11-30,179
261,2023-12-31,89
113,2023-12-31,59
178,2023-01-31,120
298,2023-10-31,153
162,2023-04-30,82
21,2023-05-31,172
60,2023-09-30,110
19,2023-07-31,102
291,2023-09-30,69
249,2023-09-30,187
14,2023-08-31,20
86,2023-02-28,193
103,2023-05-31,92
222,2023-04-30,186
268,2023-01-31,157
177,2023-06-30,132
204,2023-05-31,68
3,2023-10-31,33
119,2023-12-31,65
104,2023-10-31,59
155,2023-07-31,133
220,2023-01-31,166
153,2023-05-31,36
240,2023-03-31,193
27,2023-04-30,133
271,2023-04-30,89
158,2023-12-31,57
203,2023-06-30,121
187,2023-12-31,122
181,2023-04-30,144
78,2023-07-31,164
200,2023-03-31,92
267,2023-08-31,144
78,2023-02-28,30
179,2023-02-28,72
111,2023-01-31,139
214,2023-06-30,165
202,2023-11-30,128
228,2023-06-30,154
24,2023-06-30,182
134,2023-01-31,191
33,2023-04-30,90
11,2023-01-31,58
115,2023-02-28,30
291,2023-08-31,144
65,2023-08-31,29
206,2023-01-31,147
66,2023-01-31,117
133,2023-11-30,107
167,2023-12-31,95
79,2023-03-31,156
221,2023-07-31,121
166,2023-06-30,129
270,2023-03-31,27
23,2023-08-31,195
72,2023-08-31,40
212,2023-06-30,116
166,2023-01-31,108
64,2023-12-31,122
230,2023-08-31,25
257,2023-05-31,78
298,2023-09-30,42
214,2023-09-30,92
204,2023-02-28,119
25,2023-11-30,137
116,2023-06-30,182
185,2023-04-30,159
180,2023-07-31,176
83,2023-06-30,86
239,2023-07-31,80
151,2023-05-31,80
252,2023-09-30,137
118,2023-01-31,49
138,2023-12-31,46
164,2023-07-31,143
131,2023-09-30,49
72,2023-08-31,119
176,2023-01-31,170
112,2023-08-31,56
66,2023-03-31,173
131,2023-10-31,183
63,2023-12-31,82
15,2023-06-30,184
130,2023-09-30,198
145,2023-07-31,87
267,2023-05-31,112
261,2023-08-31,127
279,2023-08-31,56
96,2023-06-30,116
63,2023-06-30,134
239,2023-09-30,50
29,2023-04-30,172
145,2023-03-31,172
163,2023-08-31,124
176,2023-09-30,193
87,2023-04-30,49
117,2023-02-28,167
203,2023-06-30,42
257,2023-09-30,146
135,2023-02-28,148
233,2023-09-30,162
77,2023-05-31,40
84,2023-04-30,49
198,2023-11-30,30
286,2023-08-31,133
70,2023-02-28,199
98,2023-07-31,177
99,2023-10-31,156
84,2023-07-31,88
166,2023-01-31,66
158,2023-10-31,181
97,2023-08-31,52
104,2023-01-31,141
272,2023-09-30,84
283,2023-02-28,198
100,2023-10-31,178
278,2023-07-31,142
46,2023-05-31,75
161,2023-12-31,64
100,2023-11-30,52
196,2023-05-31,125
276,2023-05-31,70
4,2023-09-30,152
10,2023-11-30,57
263,2023-10-31,152
159,2023-12-31,75
91,2023-02-28,100
13,2023-09-30,108
75,2023-12-31,172
189,2023-07-31,71
10,2023-03-31,55
152,2023-03-31,139
116,2023-02-28,170
129,2023-10-31,155
5,2023-05-31,178
7,2023-03-31,82
242,2023-02-28,40
101,2023-12-31,118
230,2023-04-30,124
257,2023-09-30,125
288,2023-01-31,141
145,2023-09-30,69
274,2023-07-31,176
68,2023-02-28,79
49,2023-12-31,63
269,2023-02-28,21
69,2023-05-31,127
87,2023-03-31,124
133,2023-01-31,117
77,2023-08-31,162
62,2023-05-31,186
73,2023-05-31,187
68,2023-06-30,194
218,2023-11-30,71
78,2023-08-31,107
246,2023-04-30,153
258,2023-12-31,195
95,2023-03-31,120
178,2023-12-31,150
2,2023-07-31,115
172,2023-01-31,193
52,2023-02-28,165
37,2023-03-31,111
66,2023-05-31,180
92,2023-10-31,164
184,2023-04-30,51
279,2023-12-31,95
199,2023-03-31,120
167,2023-10-31,149
232,2023-04-30,173
86,2023-11-30,186
260,2023-10-31,164
41,2023-07-31,135
99,2023-07-31,119
159,2023-05-31,53
235,2023-05-31,38
32,2023-07-31,81
43,2023-04-30,179
262,2023-11-30,69
92,2023-01-31,105
209,2023-04-30,64
267,2023-09-30,141
169,2023-10-31,101
283,2023-11-30,134
189,2023-12-31,107
76,2023-10-31,20
13,2023-10-31,85
35,2023-02-28,187
25,2023-01-31,171
292,2023-09-30,71
149,2023-06-30,21
112,2023-02-28,174
36,2023-07-31,106
155,2023-04-30,180
202,2023-09-30,181
26,2023-11-30,51
173,2023-12-31,22
8,2023-06-30,74
125,2023-07-31,46
239,2023-03-31,27
205,2023-06-30,39
169,2023-01-31,199
83,2023-05-31,36
83,2023-10-31,128
74,2023-05-31,52
284,2023-02-28,74
153,2023-06-30,92
163,2023-11-30,117
37,2023-03-31,127
155,2023-04-30,163
261,2023-03-31,110
88,2023-01-31,98
194,2023-01-31,83
245,2023-05-31,107
57,2023-10-31,120
189,2023-06-30,132
127,2023-05-31,187
32,2023-12-31,102
300,2023-04-30,42
215,2023-06-30,122
122,2023-09-30,114
189,2023-04-30,113
162,2023-09-30,26
242,2023-10-31,128
120,2023-07-31,78
86,2023-04-30,133
277,2023-10-31,22
52,2023-04-30,131
120,2023-03-31,49
39,2023-07-31,157
171,2023-04-30,117
199,2023-10-31,32
194,2023-04-30,186
108,2023-11-30,96
132,2023-07-31,44
244,2023-07-31,188
111,2023-12-31,187
60,2023-02-28,81
17,2023-08-31,59
163,2023-07-31,181
8,2023-01-31,98
56,2023-10-31,22
188,2023-09-30,199
183,2023-08-31,65
263,2023-01-31,105
65,2023-05-31,117
281,2023-06-30,88
24,2023-08-31,60
114,2023-10-31,79
97,2023-07-31,176
96,2023-05-31,155
65,2023-01-31,117
136,2023-04-30,23
173,2023-09-30,44
31,2023-08-31,197
135,2023-10-31,170
159,2023-10-31,172
109,2023-02-28,117
242,2023-02-28,89
188,2023-08-31,117
184,2023-12-31,168
160,2023-03-31,127
94,2023-05-31,113
189,2023-09-30,142
76,2023-02-28,75
266,2023-08-31,22
69,2023-02-28,98
87,2023-03-31,168
97,2023-07-31,196
254,2023-07-31,65
293,2023-05-31,145
2,2023-01-31,138
298,2023-02-28,97
196,2023-07-31,87
138,2023-08-31,50
31,2023-06-30,65
207,2023-03-31,191
6,2023-03-31,64
65,2023-09-30,196
249,2023-03-31,23
202,2023-06-30,144
81,2023-03-31,75
59,2023-10-31,185
220,2023-03-31,25
243,2023-12-31,101
141,2023-09-30,171
262,2023-08-31,199
187,2023-07-31,58
231,2023-03-31,130
90,2023-11-30,92
246,2023-05-31,184
42,2023-01-31,117
145,2023-02-28,181
23,2023-09-30,146
143,2023-03-31,59
56,2023-05-31,187
222,2023-04-30,56
65,2023-08-31,145
217,2023-11-30,69
112,2023-01-31,30
250,2023-06-30,78
87,2023-06-30,173
290,2023-08-31,27
112,2023-01-31,47
241,2023-04-30,79
268,2023-01-31,108
87,2023-09-30,29
72,2023-06-30,82
227,2023-07-31,94
128,2023-01-31,173
80,2023-10-31,170
84,2023-04-30,166
28,2023-11-30,165
138,2023-07-31,197
11,2023-04-30,166
175,2023-11-30,34
136,2023-05-31,35
31,2023-01-31,167
165,2023-03-31,166
161,2023-08-31,166
137,2023-11-30,107
174,2023-12-31,50
269,2023-12-31,199
244,2023-12-31,195
52,2023-09-30,27
189,2023-08-31,69
10,2023-11-30,107
170,2023-12-31,155
165,2023-04-30,32
15,2023-12-31,166
156,2023-10-31,197
165,2023-01-31,170
193,2023-04-30,125
56,2023-06-30,116
286,2023-02-28,177
244,2023-07-31,176
64,2023-03-31,80
276,2023-08-31,54
246,2023-04-30,156
99,2023-09-30,131
283,2023-12-31,44
140,2023-01-31,140
109,2023-10-31,125
243,2023-01-31,83
41,2023-05-31,134
208,2023-09-30,129
224,2023-06-30,56
51,2023-11-30,57
80,2023-02-28,27
29,2023-09-30,94
223,2023-12-31,187
51,2023-07-31,42
88,2023-05-31,192
159,2023-07-31,148
137,2023-11-30,196
109,2023-09-30,28
286,2023-08-31,59
90,2023-08-31,175
296,2023-09-30,116
7,2023-11-30,115
139,2023-03-31,155
3,2023-01-31,56
253,2023-12-31,37
225,2023-12-31,131
20,2023-04-30,96
261,2023-09-30,94
162,2023-10-31,99
142,2023-01-31,63
45,2023-10-31,97
280,2023-12-31,163
222,2023-01-31,199
191,2023-06-30,37
9,2023-04-30,187
191,2023-01-31,44
199,2023-04-30,54
203,2023-11-30,90
128,2023-06-30,46
113,2023-08-31,157
42,2023-09-30,94
1,2023-10-31,167
64,2023-12-31,180
220,2023-06-30,99
72,2023-02-28,158
15,2023-12-31,86
89,2023-06-30,185
80,2023-01-31,157
168,2023-01-31,25
91,2023-01-31,114
63,2023-06-30,181
180,2023-12-31,68
263,2023-11-30,51
216,2023-07-31,48
47,2023-01-31,141
166,2023-12-31,180
299,2023-03-31,36
198,2023-03-31,117
136,2023-07-31,68
178,2023-04-30,163
78,2023-09-30,154
141,2023-09-30,32
96,2023-10-31,151
163,2023-04-30,82
25,2023-03-31,143
31,2023-06-30,92
247,2023-09-30,95
49,2023-10-31,97
171,2023-08-31,34
116,2023-07-31,152
212,2023-07-31,61
7,2023-05-31,37
202,2023-09-30,91
134,2023-02-28,155
217,2023-11-30,87
182,2023-05-31,134
124,2023-05-31,173
145,2023-05-31,94
192,2023-08-31,89
99,2023-01-31,180
120,2023-12-31,41
116,2023-11-30,88
282,2023-04-30,148
263,2023-01-31,105
162,2023-05-31,54
5,2023-07-31,145
205,2023-02-28,86
289,2023-02-28,150
171,2023-12-31,148
289,2023-07-31,61
211,2023-02-28,77
189,2023-12-31,107
146,2023-11-30,115
142,2023-02-28,104
159,2023-06-30,23
81,2023-05-31,36
135,2023-01-31,96
71,2023-11-30,118
129,2023-07-31,187
278,2023-02-28,181
87,2023-02-28,30
92,2023-12-31,59
191,2023-03-31,160
232,2023-09-30,171
256,2023-01-31,119
46,2023-12-31,53
57,2023-12-31,155
222,2023-12-31,154
173,2023-08-31,81
202,2023-02-28,65
13,2023-11-30,146
293,2023-09-30,145
94,2023-05-31,32
142,2023-09-30,149
293,2023-11-30,21
251,2023-12-31,48
103,2023-10-31,110
270,2023-09-30,101
194,2023-05-31,21
161,2023-02-28,80
256,2023-09-30,196
181,2023-08-31,193
89,2023-03-31,91
55,2023-01-31,119
173,2023-05-31,78
293,2023-02-28,67
155,2023-09-30,156
218,2023-05-31,165
180,2023-07-31,69
127,2023-01-31,105
175,2023-01-31,174
58,2023-08-31,179
135,2023-08-31,85
141,2023-12-31,85
48,2023-08-31,41
156,2023-07-31,105
184,2023-05-31,171
216,2023-01-31,110
163,2023-08-31,160
125,2023-10-31,141
137,2023-11-30,162
116,2023-07-31,131
130,2023-12-31,196
278,2023-12-31,164
213,2023-12-31,58
280,2023-03-31,106
206,2023-07-31,23
225,2023-05-31,34
186,2023-10-31,190
186,2023-11-30,143
63,2023-10-31,178
191,2023-10-31,25
300,2023-04-30,84
75,2023-01-31,105
194,2023-10-31,49
229,2023-02-28,77
118,2023-02-28,105
195,2023-10-31,75
152,2023-12-31,183
198,2023-02-28,65
99,2023-09-30,148
120,2023-06-30,159
254,2023-05-31,132
205,2023-10-31,86
254,2023-04-30,144
159,2023-09-30,29
286,2023-09-30,20
40,2023-10-31,38
238,2023-12-31,101
117,2023-07-31,135
14,2023-05-31,114
44,2023-06-30,196
220,2023-03-31,87
162,2023-02-28,60
167,2023-10-31,88
132,2023-10-31,133
216,2023-04-30,190
298,2023-03-31,101
139,2023-04-30,76
106,2023-10-31,67
288,2023-11-30,69
123,2023-01-31,155
53,2023-01-31,129
132,2023-06-30,135
147,2023-11-30,173
33,2023-10-31,128
78,2023-04-30,42
123,2023-02-28,60
83,2023-03-31,106
55,2023-08-31,112
9,2023-06-30,78
190,2023-02-28,37
48,2023-07-31,90
249,2023-02-28,143
68,2023-01-31,155
172,2023-05-31,133
264,2023-12-31,125
184,2023-10-31,36
10,2023-09-30,70
193,2023-05-31,180
256,2023-01-31,49
45,2023-02-28,85
167,2023-04-30,193
231,2023-05-31,41
273,2023-02-28,51
82,2023-03-31,172
226,2023-06-30,155
128,2023-06-30,82
190,2023-10-31,48
68,2023-01-31,59
164,2023-10-31,192
9,2023-08-31,21
163,2023-11-30,68
217,2023-06-30,50
52,2023-03-31,87
118,2023-02-28,109
101,2023-11-30,156
112,2023-09-30,29
152,2023-11-30,70
59,2023-08-31,191
37,2023-03-31,45
104,2023-07-31,98
236,2023-07-31,140
38,2023-12-31,168
15,2023-01-31,127
144,2023-06-30,110
250,2023-03-31,49
282,2023-10-31,162
239,2023-03-31,99
295,2023-05-31,142
47,2023-06-30,103
92,2023-09-30,132
177,2023-05-31,121
165,2023-03-31,103
38,2023-01-31,89
100,2023-12-31,127
62,2023-03-31,123
61,2023-04-30,167
202,2023-10-31,72
118,2023-07-31,149
8,2023-05-31,177
294,2023-03-31,155
106,2023-09-30,59
292,2023-10-31,141
56,2023-06-30,155
45,2023-05-31,164
20,2023-07-31,118
183,2023-12-31,49
102,2023-10-31,148
288,2023-01-31,83
204,2023-08-31,55
201,2023-07-31,98
43,2023-05-31,196
2,2023-06-30,100
212,2023-09-30,43
170,2023-01-31,126
143,2023-11-30,151
93,2023-03-31,142
122,2023-11-30,129
213,2023-09-30,96
256,2023-03-31,156
250,2023-06-30,45
105,2023-10-31,66
230,2023-02-28,163
250,2023-09-30,184
108,2023-05-31,126
62,2023-08-31,30
57,2023-02-28,149
251,2023-11-30,142
132,2023-08-31,102
78,2023-12-31,42
288,2023-05-31,194
162,2023-03-31,81
296,2023-06-30,95
35,2023-06-30,58
15,2023-11-30,153
20,2023-08-31,183
293,2023-07-31,79
38,2023-09-30,129
149,2023-01-31,98
216,2023-08-31,55
10,2023-01-31,96
100,2023-09-30,91
214,2023-11-30,107
101,2023-10-31,178
280,2023-03-31,187
4,2023-03-31,79
118,2023-12-31,160
151,2023-12-31,112
42,2023-03-31,56
117,2023-01-31,80
19,2023-07-31,165
24,2023-12-31,165
236,2023-04-30,181
258,2023-03-31,73
7,2023-05-31,141
124,2023-12-31,50
1,2023-01-31,98
179,2023-11-30,184
188,2023-05-31,103
159,2023-02-28,111
30,2023-08-31,87
77,2023-09-30,147
18,2023-09-30,115
186,2023-03-31,106
273,2023-08-31,81
112,2023-02-28,98
19,2023-01-31,26
12,2023-01-31,131
218,2023-07-31,178
6,2023-11-30,115
124,2023-01-31,59
15,2023-06-30,97
285,2023-08-31,102
199,2023-10-31,197
290,2023-12-31,99
93,2023-04-30,156
37,2023-02-28,44
192,2023-11-30,155
95,2023-11-30,58
71,2023-04-30,179
6,2023-09-30,27
247,2023-02-28,160
55,2023-05-31,128
295,2023-11-30,175
281,2023-02-28,23
98,2023-01-31,42
83,2023-12-31,53
260,2023-09-30,90
216,2023-05-31,113
289,2023-06-30,92
235,2023-06-30,38
178,2023-08-31,156
267,2023-04-30,42
34,2023-01-31,32
247,2023-07-31,178
220,2023-06-30,91
150,2023-07-31,129
298,2023-08-31,38
230,2023-05-31,24
244,2023-06-30,186
206,2023-02-28,139
166,2023-05-31,161
265,2023-03-31,169
255,2023-05-31,169
29,2023-09-30,24
126,2023-03-31,199
136,2023-12-31,99
106,2023-03-31,186
105,2023-01-31,45
149,2023-12-31,136
184,2023-01-31,99
176,2023-07-31,144
265,2023-09-30,159
78,2023-02-28,68
287,2023-02-28,159
91,2023-01-31,115
31,2023-05-31,152
178,2023-10-31,119
167,2023-07-31,111
68,2023-01-31,143
30,2023-11-30,198
67,2023-08-31,23
68,2023-01-31,122
186,2023-01-31,122
77,2023-04-30,112
181,2023-02-28,44
14,2023-12-31,171
138,2023-09-30,38
278,2023-10-31,42
191,2023-02-28,114
61,2023-07-31,102
174,2023-02-28,115
293,2023-01-31,65
277,2023-09-30,165
288,2023-11-30,90
207,2023-04-30,64
254,2023-12-31,140
280,2023-07-31,193
135,2023-01-31,36
46,2023-08-31,162
126,2023-06-30,92
213,2023-02-28,53
74,2023-09-30,118
87,2023-01-31,155
5,2023-09-30,69
241,2023-10-31,138
187,2023-02-28,158
250,2023-06-30,107
198,2023-09-30,189
22,2023-03-31,113
28,2023-12-31,190
19,2023-03-31,54
113,2023-03-31,78
14,2023-09-30,159
176,2023-02-28,31
207,2023-04-30,47
150,2023-08-31,193
211,2023-11-30,128
141,2023-08-31,59
278,2023-05-31,118
138,2023-02-28,48
44,2023-06-30,139
280,2023-08-31,147
72,2023-02-28,163
113,2023-04-30,65
183,2023-04-30,48
231,2023-12-31,71
50,2023-09-30,59
234,2023-10-31,25
58,2023-01-31,46
97,2023-09-30,184
176,2023-08-31,169
229,2023-01-31,26
72,2023-10-31,148
86,2023-06-30,96
173,2023-11-30,195
26,2023-10-31,198
81,2023-02-28,161
82,2023-12-31,98
59,2023-03-31,159
131,2023-12-31,196
274,2023-05-31,188
246,2023-08-31,126
42,2023-06-30,149
235,2023-09-30,138
30,2023-12-31,104
61,2023-11-30,76
292,2023-01-31,161
55,2023-05-31,191
260,2023-04-30,85
271,2023-08-31,94
112,2023-05-31,184
199,2023-09-30,97
96,2023-02-28,194
97,2023-08-31,103
145,2023-01-31,46
168,2023-08-31,196
230,2023-09-30,90
70,2023-11-30,192
127,2023-03-31,20
50,2023-02-28,32
271,2023-12-31,57
72,2023-05-31,164
246,2023-09-30,119
243,2023-08-31,185
108,2023-01-31,148
8,2023-01-31,148
281,2023-08-31,102
205,2023-03-31,134
281,2023-01-31,177
18,2023-10-31,26
73,2023-01-31,126
198,2023-04-30,167
14,2023-06-30,63
103,2023-09-30,32
218,2023-05-31,58
292,2023-07-31,39
36,2023-09-30,24
203,2023-05-31,131
146,2023-07-31,71
15,2023-09-30,133
256,2023-06-30,172
272,2023-09-30,159
76,2023-06-30,148
14,2023-11-30,91
47,2023-06-30,196
182,2023-03-31,41
58,2023-05-31,133
205,2023-07-31,104
231,2023-02-28,50
158,2023-06-30,148
16,2023-02-28,174
129,2023-09-30,21
169,2023-10-31,140
221,2023-12-31,112
283,2023-03-31,148
205,2023-07-31,61
62,2023-07-31,155
55,2023-05-31,54
117,2023-10-31,128
69,2023-12-31,54
201,2023-02-28,154
97,2023-05-31,42
238,2023-02-28,42
101,2023-03-31,65
97,2023-08-31,38
294,2023-06-30,98
285,2023-10-31,91
291,2023-12-31,116
276,2023-10-31,32
147,2023-10-31,197
281,2023-04-30,178
93,2023-08-31,103
282,2023-10-31,146
194,2023-09-30,185
189,2023-05-31,76
128,2023-01-31,27
45,2023-06-30,119
262,2023-09-30,33
186,2023-06-30,113
43,2023-06-30,198
272,2023-05-31,28
14,2023-07-31,160
74,2023-04-30,57
19,2023-04-30,40
51,2023-04-30,176
140,2023-09-30,103
198,2023-10-31,147
291,2023-03-31,197
198,2023-10-31,147
6,2023-03-31,28
236,2023-11-30,34
267,2023-03-31,22
251,2023-03-31,106
26,2023-12-31,41
72,2023-08-31,58
89,2023-09-30,28
83,2023-08-31,181
26,2023-04-30,31
271,2023-10-31,53
280,2023-07-31,64
187,2023-04-30,116
81,2023-10-31,69
129,2023-01-31,118
139,2023-07-31,175
276,2023-03-31,58
31,2023-05-31,22
236,2023-03-31,194
99,2023-01-31,31
167,2023-09-30,62
6,2023-02-28,96
284,2023-02-28,139
53,2023-06-30,37
116,2023-01-31,130
300,2023-08-31,109
65,2023-04-30,29
208,2023-03-31,23
241,2023-05-31,120
109,2023-08-31,31
268,2023-01-31,72
156,2023-05-31,198
256,2023-09-30,35
72,2023-02-28,164
223,2023-08-31,114
249,2023-02-28,173
110,2023-07-31,21
30,2023-09-30,48
85,2023-05-31,113
30,2023-11-30,194
264,2023-09-30,158
219,2023-01-31,120
128,2023-07-31,181
289,2023-04-30,48
299,2023-07-31,140
76,2023-01-31,196
299,2023-07-31,139
45,2023-07-31,110
234,2023-10-31,163
244,2023-12-31,100
238,2023-12-31,161
115,2023-10-31,32
164,2023-07-31,182
281,2023-10-31,71
213,2023-02-28,44
293,2023-06-30,144
121,2023-12-31,136
56,2023-03-31,87
80,2023-11-30,189
282,2023-06-30,195
57,2023-05-31,137
297,2023-11-30,192
51,2023-04-30,91
12,2023-08-31,91
97,2023-02-28,48
109,2023-07-31,22
257,2023-04-30,40
147,2023-07-31,178
194,2023-05-31,160
237,2023-05-31,195
72,2023-09-30,115
226,2023-05-31,43
126,2023-08-31,21
260,2023-07-31,22
27,2023-12-31,173
26,2023-04-30,21
299,2023-08-31,52
104,2023-07-31,53
40,2023-12-31,109
178,2023-04-30,117
201,2023-06-30,57
202,2023-07-31,146
29,2023-10-31,167
247,2023-11-30,157
117,2023-12-31,180
242,2023-07-31,141
274,2023-08-31,64
247,2023-09-30,79
149,2023-05-31,198
96,2023-02-28,31
106,2023-10-31,156
221,2023-12-31,30
175,2023-05-31,168
26,2023-11-30,45
91,2023-07-31,166
16,2023-03-31,36
56,2023-10-31,191
51,2023-05-31,148
283,2023-06-30,141
110,2023-06-30,113
66,2023-04-30,140
62,2023-03-31,134
71,2023-11-30,60
166,2023-04-30,171
6,2023-01-31,190
120,2023-08-31,100
59,2023-12-31,137
275,2023-03-31,113
79,2023-04-30,135
237,2023-11-30,28
156,2023-09-30,179
138,2023-10-31,188
173,2023-09-30,30
193,2023-06-30,135
178,2023-04-30,37
144,2023-11-30,27
234,2023-08-31,46
147,2023-07-31,28
260,2023-06-30,21
43,2023-06-30,100
146,2023-09-30,65
111,2023-04-30,152
174,2023-06-30,159
246,2023-02-28,191
213,2023-09-30,189
103,2023-07-31,118
158,2023-08-31,134
192,2023-02-28,177
41,2023-12-31,71
133,2023-05-31,66
5,2023-09-30,55
201,2023-03-31,89
75,2023-07-31,51
120,2023-05-31,63
38,2023-06-30,163
262,2023-05-31,90
186,2023-06-30,115
270,2023-09-30,164
222,2023-07-31,179
13,2023-01-31,33
155,2023-09-30,173
184,2023-02-28,160
68,2023-04-30,147
187,2023-04-30,31
239,2023-05-31,192
251,2023-10-31,163
95,2023-04-30,71
177,2023-08-31,168
18,2023-09-30,43
203,2023-11-30,62
3,2023-11-30,142
207,2023-12-31,152
57,2023-02-28,130
287,2023-12-31,52
264,2023-09-30,178
10,2023-02-28,28
3,2023-03-31,54
12,2023-06-30,27
106,2023-09-30,94
275,2023-07-31,164
209,2023-08-31,99
14,2023-02-28,39
103,2023-09-30,97
243,2023-06-30,41
29,2023-03-31,132
263,2023-02-28,90
49,2023-12-31,96
193,2023-02-28,134
263,2023-10-31,100
272,2023-09-30,178
99,2023-04-30,104
144,2023-08-31,160
61,2023-11-30,132
273,2023-07-31,48
287,2023-05-31,157
59,2023-11-30,180
88,2023-04-30,162
262,2023-06-30,142
288,2023-10-31,126
287,2023-08-31,96
251,2023-05-31,54
240,2023-02-28,73
9,2023-04-30,168
3,2023-11-30,177
126,2023-01-31,131
71,2023-09-30,193
162,2023-06-30,61
299,2023-07-31,196
221,2023-01-31,171
161,2023-05-31,88
164,2023-09-30,153
79,2023-01-31,149
121,2023-01-31,140
202,2023-11-30,22
47,2023-02-28,72
229,2023-03-31,29
96,2023-06-30,43
216,2023-11-30,131
41,2023-06-30,180
203,2023-10-31,103
267,2023-10-31,41
272,2023-01-31,80
105,2023-03-31,86
65,2023-09-30,23
199,2023-08-31,198
1,2023-11-30,23
225,2023-09-30,58
4,2023-11-30,50
82,2023-08-31,49
245,2023-09-30,112
37,2023-07-31,186
244,2023-10-31,118
281,2023-09-30,44
132,2023-03-31,77
171,2023-06-30,183
26,2023-06-30,158
212,2023-01-31,125
143,2023-12-31,65
165,2023-12-31,108
127,2023-11-30,40
42,2023-10-31,149
269,2023-10-31,58
144,2023-07-31,118
42,2023-03-31,180
38,2023-12-31,50
193,2023-02-28,151
133,2023-07-31,86
30,2023-10-31,160
95,2023-04-30,142
32,2023-07-31,84
195,2023-01-31,192
298,2023-10-31,186
5,2023-08-31,106
96,2023-02-28,124
187,2023-08-31,178
279,2023-08-31,160
230,2023-09-30,148
219,2023-04-30,117
275,2023-12-31,176
106,2023-01-31,80
236,2023-10-31,114
294,2023-08-31,91
259,2023-09-30,149
80,2023-11-30,31
254,2023-09-30,75
256,2023-06-30,113
66,2023-08-31,60
99,2023-08-31,140
284,2023-05-31,174
171,2023-04-30,185
241,2023-10-31,133
75,2023-10-31,199
110,2023-11-30,99
216,2023-02-28,179
16,2023-03-31,149
89,2023-11-30,85
279,2023-12-31,167
187,2023-03-31,76
291,2023-12-31,81
217,2023-06-30,105
125,2023-07-31,195
169,2023-06-30,154
74,2023-11-30,86
46,2023-01-31,69
278,2023-07-31,53
288,2023-12-31,124
215,2023-09-30,106
158,2023-08-31,88
87,2023-11-30,126
299,2023-05-31,86
111,2023-04-30,107
12,2023-05-31,181
146,2023-03-31,134
92,2023-09-30,62
81,2023-05-31,40
189,2023-07-31,31
174,2023-07-31,51
29,2023-01-31,194
160,2023-06-30,132
242,2023-04-30,117
143,2023-03-31,106
188,2023-03-31,74
210,2023-06-30,87
156,2023-01-31,36
169,2023-05-31,45
115,2023-04-30,114
289,2023-10-31,122
300,2023-08-31,120
50,2023-09-30,123
266,2023-08-31,180
122,2023-07-31,157
290,2023-03-31,119
20,2023-08-31,193
233,2023-01-31,129
281,2023-04-30,70
55,2023-03-31,53
241,2023-11-30,161
218,2023-03-31,188
213,2023-02-28,120
178,2023-07-31,57
55,2023-10-31,67
177,2023-03-31,190
124,2023-07-31,47
138,2023-02-28,139
267,2023-03-31,188
119,2023-12-31,141
206,2023-03-31,95
84,2023-07-31,84
233,2023-10-31,79
20,2023-04-30,32
72,2023-12-31,71
83,2023-10-31,120
76,2023-07-31,123
289,2023-03-31,62
243,2023-10-31,187
276,2023-09-30,61
287,2023-02-28,184
102,2023-12-31,170
120,2023-11-30,86
248,2023-03-31,88
275,2023-12-31,98
205,2023-06-30,129
166,2023-11-30,136
267,2023-12-31,88
283,2023-06-30,117
58,2023-06-30,142
231,2023-10-31,65
193,2023-08-31,106
15,2023-08-31,194
257,2023-06-30,36
19,2023-08-31,156
184,2023-01-31,87
192,2023-07-31,49
290,2023-03-31,114
64,2023-03-31,80
266,2023-09-30,174
188,2023-01-31,64
167,2023-09-30,59
237,2023-05-31,80
66,2023-09-30,140
288,2023-01-31,60
51,2023-06-30,107
282,2023-01-31,189
57,2023-01-31,138
84,2023-05-31,99
188,2023-11-30,124
183,2023-05-31,57
262,2023-01-31,196
7,2023-02-28,165
154,2023-03-31,118
118,2023-03-31,24
119,2023-07-31,120
210,2023-02-28,158
233,2023-03-31,23
124,2023-01-31,120
78,2023-01-31,80
133,2023-01-31,143
215,2023-01-31,134
256,2023-04-30,31
1,2023-01-31,68
235,2023-04-30,130
125,2023-06-30,47
101,2023-03-31,53
65,2023-03-31,25
266,2023-12-31,180
247,2023-11-30,194
178,2023-05-31,171
297,2023-10-31,53
77,2023-12-31,91
68,2023-02-28,35
280,2023-04-30,99
112,2023-01-31,35
228,2023-10-31,135
235,2023-12-31,134
292,2023-09-30,103
258,2023-03-31,161
56,2023-08-31,141
268,2023-04-30,78
72,2023-06-30,166
212,2023-10-31,45
62,2023-11-30,196
28,2023-04-30,38
156,2023-04-30,143
4,2023-11-30,147
83,2023-06-30,68
98,2023-08-31,49
237,2023-09-30,76
260,2023-02-28,104
84,2023-06-30,55
108,2023-01-31,187
134,2023-07-31,47
230,2023-10-31,116
118,2023-03-31,193
81,2023-09-30,51
155,2023-06-30,106
291,2023-12-31,95
232,2023-09-30,173
210,2023-06-30,89
186,2023-04-30,106
191,2023-06-30,197
115,2023-01-31,129
101,2023-10-31,98
81,2023-08-31,51
33,2023-10-31,83
100,2023-08-31,96
40,2023-03-31,146
250,2023-05-31,175
47,2023-05-31,134
173,2023-03-31,116
283,2023-11-30,138
135,2023-11-30,58
14,2023-06-30,64
114,2023-11-30,160
210,2023-09-30,167
162,2023-11-30,77
46,2023-12-31,166
147,2023-03-31,110
129,2023-09-30,156
236,2023-08-31,96
151,2023-05-31,166
112,2023-09-30,74
201,2023-07-31,138
284,2023-03-31,125
207,2023-10-31,58
16,2023-02-28,164
127,2023-11-30,79
286,2023-05-31,61
78,2023-03-31,149
33,2023-12-31,69
37,2023-10-31,86
157,2023-09-30,167
165,2023-11-30,20
189,2023-10-31,152
8,2023-07-31,116
257,2023-10-31,145
216,2023-10-31,186
114,2023-08-31,106
193,2023-06-30,165
174,2023-09-30,87
120,2023-06-30,124
10,2023-12-31,116
210,2023-03-31,41
213,2023-02-28,49
266,2023-01-31,109
62,2023-09-30,20
86,2023-06-30,89
45,2023-04-30,100
201,2023-05-31,70
201,2023-08-31,87
104,2023-01-31,93
85,2023-08-31,195
186,2023-07-31,72
95,2023-09-30,122
194,2023-04-30,53
243,2023-11-30,105
245,2023-05-31,154
24,2023-08-31,58
225,2023-03-31,56
183,2023-10-31,82
113,2023-11-30,34
179,2023-01-31,93
200,2023-01-31,120
277,2023-11-30,147
296,2023-11-30,120
131,2023-10-31,133
281,2023-06-30,87
210,2023-02-28,129
124,2023-09-30,197
267,2023-05-31,188
94,2023-11-30,80
89,2023-09-30,44
203,2023-08-31,175
226,2023-08-31,54
88,2023-05-31,102
160,2023-11-30,186
89,2023-12-31,78
122,2023-02-28,84
109,2023-11-30,130
276,2023-11-30,148
248,2023-11-30,139
81,2023-06-30,64
20,2023-11-30,38
14,2023-05-31,195
226,2023-03-31,196
32,2023-10-31,33
200,2023-09-30,86
170,2023-07-31,177
122,2023-12-31,135
192,2023-12-31,88
4,2023-09-30,25
227,2023-10-31,103
124,2023-11-30,65
220,2023-04-30,61
191,2023-03-31,50
235,2023-02-28,173
194,2023-05-31,52
45,2023-01-31,71
88,2023-06-30,122
131,2023-02-28,51
23,2023-12-31,73
294,2023-12-31,148
262,2023-09-30,152
168,2023-05-31,169
255,2023-02-28,125
35,2023-04-30,140
25,2023-06-30,152
214,2023-04-30,27
81,2023-05-31,89
68,2023-04-30,82
220,2023-04-30,29
171,2023-03-31,59
2,2023-09-30,121
45,2023-03-31,194
176,2023-04-30,99
62,2023-08-31,75
47,2023-05-31,47
4,2023-07-31,75
188,2023-06-30,20
239,2023-01-31,71
49,2023-02-28,81
76,2023-10-31,127
34,2023-05-31,189
300,2023-10-31,194
233,2023-03-31,137
56,2023-12-31,122
298,2023-08-31,56
197,2023-08-31,158
289,2023-02-28,48
226,2023-06-30,23
224,2023-07-31,158
67,2023-07-31,49
42,2023-03-31,98
243,2023-09-30,98
44,2023-07-31,179
100,2023-01-31,176
36,2023-09-30,132
123,2023-11-30,62
184,2023-06-30,104
3,2023-06-30,58
56,2023-07-31,158
295,2023-02-28,115
168,2023-11-30,174
295,2023-02-28,43
108,2023-04-30,56
67,2023-12-31,84
229,2023-02-28,51
94,2023-07-31,72
3,2023-10-31,148
230,2023-09-30,128
131,2023-02-28,181
37,2023-01-31,176
219,2023-01-31,25
152,2023-02-28,114
198,2023-12-31,33
65,2023-03-31,88
121,2023-01-31,105
122,2023-08-31,70
160,2023-06-30,32
190,2023-03-31,95
101,2023-09-30,124
292,2023-04-30,151
66,2023-09-30,57
270,2023-05-31,151
46,2023-09-30,177
205,2023-08-31,73
27,2023-02-28,84
29,2023-05-31,196
269,2023-01-31,178
25,2023-01-31,189
100,2023-03-31,197
282,2023-01-31,42
48,2023-06-30,79
164,2023-06-30,179
208,2023-05-31,75
74,2023-09-30,119
57,2023-11-30,106
91,2023-04-30,53
194,2023-03-31,188
200,2023-03-31,58
9,2023-01-31,61
244,2023-04-30,85
72,2023-07-31,167
283,2023-08-31,33
46,2023-06-30,185
213,2023-07-31,56
297,2023-05-31,56
158,2023-08-31,135
172,2023-10-31,31
257,2023-03-31,155
47,2023-08-31,168
221,2023-11-30,186
234,2023-10-31,195
158,2023-07-31,165
15,2023-09-30,131
84,2023-06-30,82
166,2023-10-31,156
23,2023-10-31,106
185,2023-02-28,49
209,2023-12-31,105
35,2023-11-30,78
194,2023-05-31,74
239,2023-09-30,69
181,2023-07-31,182
31,2023-12-31,161
287,2023-11-30,65
200,2023-12-31,54
181,2023-03-31,117
184,2023-02-28,121
83,2023-08-31,61
44,2023-08-31,38
58,2023-01-31,192
141,2023-02-28,73
68,2023-05-31,188
